,flight_id,aircraft_id,reg,equip,callsign,flight,schd_from,schd_to,real_to,reserved,date,name,n_number,weekday,fr24_url
647,607708295,11379239,N978JB,A321,JBU623,B6623,JFK,LAX,LAX,,2020-03-19,JETBLUE AIRWAYS,N978JB,Thursday,"flightradar24.com/data/flights/647        B6623
805        AA341
1172      B61323
1271      B61523
1578       AS343
1579       AA306
2299      UA1600
2365       AS425
2396       UA751
2765       AA302
4123       UA275
4128        QF12
4813       AA117
5775      B61623
5987       AS229
6174       B6611
7030      UA1871
11051      UA628
11876      AA300
14084      AA185
18510     B61723
19888     B61823
26979       B623
29739      B6623
47862      AA171
51141     UA2434
52358      B6123
56202     AS1399
56215        AA1
60384      B6323
61222      AS205
62133      AA255
62455     B61323
65544      UA703
74876      AA331
76316      B6523
78799      UA920
82265      AS991
86654        AA3
90838      AS237
91051     UA2023
98515      AA341
103357    UA2394
109473     UA751
109547     AA306
109617     AS343
114428     AS425
115063    UA1600
115838    B61523
117391     AA302
123737     UA275
124976    B61623
126564    UA1871
126594     AS331
128626     AS229
131610     AA117
Name: flight, dtype: object"
805,607716019,10490130,N103NN,A321,AAL341,AA341,JFK,LAX,LAX,,2020-03-19,AMERICAN AIRLINES,N103NN,Thursday,"flightradar24.com/data/flights/647        B6623
805        AA341
1172      B61323
1271      B61523
1578       AS343
1579       AA306
2299      UA1600
2365       AS425
2396       UA751
2765       AA302
4123       UA275
4128        QF12
4813       AA117
5775      B61623
5987       AS229
6174       B6611
7030      UA1871
11051      UA628
11876      AA300
14084      AA185
18510     B61723
19888     B61823
26979       B623
29739      B6623
47862      AA171
51141     UA2434
52358      B6123
56202     AS1399
56215        AA1
60384      B6323
61222      AS205
62133      AA255
62455     B61323
65544      UA703
74876      AA331
76316      B6523
78799      UA920
82265      AS991
86654        AA3
90838      AS237
91051     UA2023
98515      AA341
103357    UA2394
109473     UA751
109547     AA306
109617     AS343
114428     AS425
115063    UA1600
115838    B61523
117391     AA302
123737     UA275
124976    B61623
126564    UA1871
126594     AS331
128626     AS229
131610     AA117
Name: flight, dtype: object"
1172,607726663,11368193,N967JT,A321,JBU1323,B61323,JFK,LAX,LAX,,2020-03-19,JETBLUE AIRWAYS,N967JT,Thursday,"flightradar24.com/data/flights/647        B6623
805        AA341
1172      B61323
1271      B61523
1578       AS343
1579       AA306
2299      UA1600
2365       AS425
2396       UA751
2765       AA302
4123       UA275
4128        QF12
4813       AA117
5775      B61623
5987       AS229
6174       B6611
7030      UA1871
11051      UA628
11876      AA300
14084      AA185
18510     B61723
19888     B61823
26979       B623
29739      B6623
47862      AA171
51141     UA2434
52358      B6123
56202     AS1399
56215        AA1
60384      B6323
61222      AS205
62133      AA255
62455     B61323
65544      UA703
74876      AA331
76316      B6523
78799      UA920
82265      AS991
86654        AA3
90838      AS237
91051     UA2023
98515      AA341
103357    UA2394
109473     UA751
109547     AA306
109617     AS343
114428     AS425
115063    UA1600
115838    B61523
117391     AA302
123737     UA275
124976    B61623
126564    UA1871
126594     AS331
128626     AS229
131610     AA117
Name: flight, dtype: object"
1271,607728790,11383644,N982JB,A321,JBU1523,B61523,JFK,LAX,LAX,,2020-03-19,JETBLUE AIRWAYS,N982JB,Thursday,"flightradar24.com/data/flights/647        B6623
805        AA341
1172      B61323
1271      B61523
1578       AS343
1579       AA306
2299      UA1600
2365       AS425
2396       UA751
2765       AA302
4123       UA275
4128        QF12
4813       AA117
5775      B61623
5987       AS229
6174       B6611
7030      UA1871
11051      UA628
11876      AA300
14084      AA185
18510     B61723
19888     B61823
26979       B623
29739      B6623
47862      AA171
51141     UA2434
52358      B6123
56202     AS1399
56215        AA1
60384      B6323
61222      AS205
62133      AA255
62455     B61323
65544      UA703
74876      AA331
76316      B6523
78799      UA920
82265      AS991
86654        AA3
90838      AS237
91051     UA2023
98515      AA341
103357    UA2394
109473     UA751
109547     AA306
109617     AS343
114428     AS425
115063    UA1600
115838    B61523
117391     AA302
123737     UA275
124976    B61623
126564    UA1871
126594     AS331
128626     AS229
131610     AA117
Name: flight, dtype: object"
1578,607734880,10682537,N293AK,B739,ASA343,AS343,EWR,LAX,LAX,,2020-03-19,ALASKA AIRLINES,N293AK,Thursday,"flightradar24.com/data/flights/647        B6623
805        AA341
1172      B61323
1271      B61523
1578       AS343
1579       AA306
2299      UA1600
2365       AS425
2396       UA751
2765       AA302
4123       UA275
4128        QF12
4813       AA117
5775      B61623
5987       AS229
6174       B6611
7030      UA1871
11051      UA628
11876      AA300
14084      AA185
18510     B61723
19888     B61823
26979       B623
29739      B6623
47862      AA171
51141     UA2434
52358      B6123
56202     AS1399
56215        AA1
60384      B6323
61222      AS205
62133      AA255
62455     B61323
65544      UA703
74876      AA331
76316      B6523
78799      UA920
82265      AS991
86654        AA3
90838      AS237
91051     UA2023
98515      AA341
103357    UA2394
109473     UA751
109547     AA306
109617     AS343
114428     AS425
115063    UA1600
115838    B61523
117391     AA302
123737     UA275
124976    B61623
126564    UA1871
126594     AS331
128626     AS229
131610     AA117
Name: flight, dtype: object"
1579,607735820,10495836,N109NN,A321,AAL306,AA306,JFK,LAX,LAX,,2020-03-19,AMERICAN AIRLINES,N109NN,Thursday,"flightradar24.com/data/flights/647        B6623
805        AA341
1172      B61323
1271      B61523
1578       AS343
1579       AA306
2299      UA1600
2365       AS425
2396       UA751
2765       AA302
4123       UA275
4128        QF12
4813       AA117
5775      B61623
5987       AS229
6174       B6611
7030      UA1871
11051      UA628
11876      AA300
14084      AA185
18510     B61723
19888     B61823
26979       B623
29739      B6623
47862      AA171
51141     UA2434
52358      B6123
56202     AS1399
56215        AA1
60384      B6323
61222      AS205
62133      AA255
62455     B61323
65544      UA703
74876      AA331
76316      B6523
78799      UA920
82265      AS991
86654        AA3
90838      AS237
91051     UA2023
98515      AA341
103357    UA2394
109473     UA751
109547     AA306
109617     AS343
114428     AS425
115063    UA1600
115838    B61523
117391     AA302
123737     UA275
124976    B61623
126564    UA1871
126594     AS331
128626     AS229
131610     AA117
Name: flight, dtype: object"
2365,607743773,10672426,N283AK,B739,ASA425,AS425,JFK,LAX,LAX,,2020-03-19,ALASKA AIRLINES,N283AK,Thursday,"flightradar24.com/data/flights/647        B6623
805        AA341
1172      B61323
1271      B61523
1578       AS343
1579       AA306
2299      UA1600
2365       AS425
2396       UA751
2765       AA302
4123       UA275
4128        QF12
4813       AA117
5775      B61623
5987       AS229
6174       B6611
7030      UA1871
11051      UA628
11876      AA300
14084      AA185
18510     B61723
19888     B61823
26979       B623
29739      B6623
47862      AA171
51141     UA2434
52358      B6123
56202     AS1399
56215        AA1
60384      B6323
61222      AS205
62133      AA255
62455     B61323
65544      UA703
74876      AA331
76316      B6523
78799      UA920
82265      AS991
86654        AA3
90838      AS237
91051     UA2023
98515      AA341
103357    UA2394
109473     UA751
109547     AA306
109617     AS343
114428     AS425
115063    UA1600
115838    B61523
117391     AA302
123737     UA275
124976    B61623
126564    UA1871
126594     AS331
128626     AS229
131610     AA117
Name: flight, dtype: object"
2299,607744075,10991915,N597UA,B752,UAL1600,UA1600,EWR,LAX,LAX,,2020-03-19,UNITED AIRLINES,N597UA,Thursday,"flightradar24.com/data/flights/647        B6623
805        AA341
1172      B61323
1271      B61523
1578       AS343
1579       AA306
2299      UA1600
2365       AS425
2396       UA751
2765       AA302
4123       UA275
4128        QF12
4813       AA117
5775      B61623
5987       AS229
6174       B6611
7030      UA1871
11051      UA628
11876      AA300
14084      AA185
18510     B61723
19888     B61823
26979       B623
29739      B6623
47862      AA171
51141     UA2434
52358      B6123
56202     AS1399
56215        AA1
60384      B6323
61222      AS205
62133      AA255
62455     B61323
65544      UA703
74876      AA331
76316      B6523
78799      UA920
82265      AS991
86654        AA3
90838      AS237
91051     UA2023
98515      AA341
103357    UA2394
109473     UA751
109547     AA306
109617     AS343
114428     AS425
115063    UA1600
115838    B61523
117391     AA302
123737     UA275
124976    B61623
126564    UA1871
126594     AS331
128626     AS229
131610     AA117
Name: flight, dtype: object"
2396,607744448,10507816,N12005,B78X,UAL751,UA751,EWR,LAX,LAX,,2020-03-19,UNITED AIRLINES,N12005,Thursday,"flightradar24.com/data/flights/647        B6623
805        AA341
1172      B61323
1271      B61523
1578       AS343
1579       AA306
2299      UA1600
2365       AS425
2396       UA751
2765       AA302
4123       UA275
4128        QF12
4813       AA117
5775      B61623
5987       AS229
6174       B6611
7030      UA1871
11051      UA628
11876      AA300
14084      AA185
18510     B61723
19888     B61823
26979       B623
29739      B6623
47862      AA171
51141     UA2434
52358      B6123
56202     AS1399
56215        AA1
60384      B6323
61222      AS205
62133      AA255
62455     B61323
65544      UA703
74876      AA331
76316      B6523
78799      UA920
82265      AS991
86654        AA3
90838      AS237
91051     UA2023
98515      AA341
103357    UA2394
109473     UA751
109547     AA306
109617     AS343
114428     AS425
115063    UA1600
115838    B61523
117391     AA302
123737     UA275
124976    B61623
126564    UA1871
126594     AS331
128626     AS229
131610     AA117
Name: flight, dtype: object"
2765,607746668,10494885,N108NN,A321,AAL302,AA302,JFK,LAX,LAX,,2020-03-19,AMERICAN AIRLINES,N108NN,Thursday,"flightradar24.com/data/flights/647        B6623
805        AA341
1172      B61323
1271      B61523
1578       AS343
1579       AA306
2299      UA1600
2365       AS425
2396       UA751
2765       AA302
4123       UA275
4128        QF12
4813       AA117
5775      B61623
5987       AS229
6174       B6611
7030      UA1871
11051      UA628
11876      AA300
14084      AA185
18510     B61723
19888     B61823
26979       B623
29739      B6623
47862      AA171
51141     UA2434
52358      B6123
56202     AS1399
56215        AA1
60384      B6323
61222      AS205
62133      AA255
62455     B61323
65544      UA703
74876      AA331
76316      B6523
78799      UA920
82265      AS991
86654        AA3
90838      AS237
91051     UA2023
98515      AA341
103357    UA2394
109473     UA751
109547     AA306
109617     AS343
114428     AS425
115063    UA1600
115838    B61523
117391     AA302
123737     UA275
124976    B61623
126564    UA1871
126594     AS331
128626     AS229
131610     AA117
Name: flight, dtype: object"
4128,607752537,8159334,VHZNC,B789,QFA12,QF12,JFK,LAX,LAX,,2020-03-19,,,Thursday,"flightradar24.com/data/flights/647        B6623
805        AA341
1172      B61323
1271      B61523
1578       AS343
1579       AA306
2299      UA1600
2365       AS425
2396       UA751
2765       AA302
4123       UA275
4128        QF12
4813       AA117
5775      B61623
5987       AS229
6174       B6611
7030      UA1871
11051      UA628
11876      AA300
14084      AA185
18510     B61723
19888     B61823
26979       B623
29739      B6623
47862      AA171
51141     UA2434
52358      B6123
56202     AS1399
56215        AA1
60384      B6323
61222      AS205
62133      AA255
62455     B61323
65544      UA703
74876      AA331
76316      B6523
78799      UA920
82265      AS991
86654        AA3
90838      AS237
91051     UA2023
98515      AA341
103357    UA2394
109473     UA751
109547     AA306
109617     AS343
114428     AS425
115063    UA1600
115838    B61523
117391     AA302
123737     UA275
124976    B61623
126564    UA1871
126594     AS331
128626     AS229
131610     AA117
Name: flight, dtype: object"
4123,607752608,11171311,N773UA,B772,UAL275,UA275,EWR,LAX,LAX,,2020-03-19,UNITED AIRLINES,N773UA,Thursday,"flightradar24.com/data/flights/647        B6623
805        AA341
1172      B61323
1271      B61523
1578       AS343
1579       AA306
2299      UA1600
2365       AS425
2396       UA751
2765       AA302
4123       UA275
4128        QF12
4813       AA117
5775      B61623
5987       AS229
6174       B6611
7030      UA1871
11051      UA628
11876      AA300
14084      AA185
18510     B61723
19888     B61823
26979       B623
29739      B6623
47862      AA171
51141     UA2434
52358      B6123
56202     AS1399
56215        AA1
60384      B6323
61222      AS205
62133      AA255
62455     B61323
65544      UA703
74876      AA331
76316      B6523
78799      UA920
82265      AS991
86654        AA3
90838      AS237
91051     UA2023
98515      AA341
103357    UA2394
109473     UA751
109547     AA306
109617     AS343
114428     AS425
115063    UA1600
115838    B61523
117391     AA302
123737     UA275
124976    B61623
126564    UA1871
126594     AS331
128626     AS229
131610     AA117
Name: flight, dtype: object"
4813,607754702,10492983,N106NN,A321,AAL117,AA117,JFK,LAX,LAX,,2020-03-19,AMERICAN AIRLINES,N106NN,Thursday,"flightradar24.com/data/flights/647        B6623
805        AA341
1172      B61323
1271      B61523
1578       AS343
1579       AA306
2299      UA1600
2365       AS425
2396       UA751
2765       AA302
4123       UA275
4128        QF12
4813       AA117
5775      B61623
5987       AS229
6174       B6611
7030      UA1871
11051      UA628
11876      AA300
14084      AA185
18510     B61723
19888     B61823
26979       B623
29739      B6623
47862      AA171
51141     UA2434
52358      B6123
56202     AS1399
56215        AA1
60384      B6323
61222      AS205
62133      AA255
62455     B61323
65544      UA703
74876      AA331
76316      B6523
78799      UA920
82265      AS991
86654        AA3
90838      AS237
91051     UA2023
98515      AA341
103357    UA2394
109473     UA751
109547     AA306
109617     AS343
114428     AS425
115063    UA1600
115838    B61523
117391     AA302
123737     UA275
124976    B61623
126564    UA1871
126594     AS331
128626     AS229
131610     AA117
Name: flight, dtype: object"
5775,607756684,11382709,N981JT,A321,JBU1623,B61623,JFK,LAX,LAX,,2020-03-19,JETBLUE AIRWAYS,N981JT,Thursday,"flightradar24.com/data/flights/647        B6623
805        AA341
1172      B61323
1271      B61523
1578       AS343
1579       AA306
2299      UA1600
2365       AS425
2396       UA751
2765       AA302
4123       UA275
4128        QF12
4813       AA117
5775      B61623
5987       AS229
6174       B6611
7030      UA1871
11051      UA628
11876      AA300
14084      AA185
18510     B61723
19888     B61823
26979       B623
29739      B6623
47862      AA171
51141     UA2434
52358      B6123
56202     AS1399
56215        AA1
60384      B6323
61222      AS205
62133      AA255
62455     B61323
65544      UA703
74876      AA331
76316      B6523
78799      UA920
82265      AS991
86654        AA3
90838      AS237
91051     UA2023
98515      AA341
103357    UA2394
109473     UA751
109547     AA306
109617     AS343
114428     AS425
115063    UA1600
115838    B61523
117391     AA302
123737     UA275
124976    B61623
126564    UA1871
126594     AS331
128626     AS229
131610     AA117
Name: flight, dtype: object"
5987,607757086,10861339,N469AS,B739,ASA229,AS229,JFK,LAX,LAX,,2020-03-19,ALASKA AIRLINES,N469AS,Thursday,"flightradar24.com/data/flights/647        B6623
805        AA341
1172      B61323
1271      B61523
1578       AS343
1579       AA306
2299      UA1600
2365       AS425
2396       UA751
2765       AA302
4123       UA275
4128        QF12
4813       AA117
5775      B61623
5987       AS229
6174       B6611
7030      UA1871
11051      UA628
11876      AA300
14084      AA185
18510     B61723
19888     B61823
26979       B623
29739      B6623
47862      AA171
51141     UA2434
52358      B6123
56202     AS1399
56215        AA1
60384      B6323
61222      AS205
62133      AA255
62455     B61323
65544      UA703
74876      AA331
76316      B6523
78799      UA920
82265      AS991
86654        AA3
90838      AS237
91051     UA2023
98515      AA341
103357    UA2394
109473     UA751
109547     AA306
109617     AS343
114428     AS425
115063    UA1600
115838    B61523
117391     AA302
123737     UA275
124976    B61623
126564    UA1871
126594     AS331
128626     AS229
131610     AA117
Name: flight, dtype: object"
6174,607757435,11353311,N952JB,A321,JBU611,B6611,JFK,LAS,LAX,,2020-03-19,JET BLUE AIRWAYS,N952JB,Thursday,"flightradar24.com/data/flights/647        B6623
805        AA341
1172      B61323
1271      B61523
1578       AS343
1579       AA306
2299      UA1600
2365       AS425
2396       UA751
2765       AA302
4123       UA275
4128        QF12
4813       AA117
5775      B61623
5987       AS229
6174       B6611
7030      UA1871
11051      UA628
11876      AA300
14084      AA185
18510     B61723
19888     B61823
26979       B623
29739      B6623
47862      AA171
51141     UA2434
52358      B6123
56202     AS1399
56215        AA1
60384      B6323
61222      AS205
62133      AA255
62455     B61323
65544      UA703
74876      AA331
76316      B6523
78799      UA920
82265      AS991
86654        AA3
90838      AS237
91051     UA2023
98515      AA341
103357    UA2394
109473     UA751
109547     AA306
109617     AS343
114428     AS425
115063    UA1600
115838    B61523
117391     AA302
123737     UA275
124976    B61623
126564    UA1871
126594     AS331
128626     AS229
131610     AA117
Name: flight, dtype: object"
7030,607758888,10803924,N41140,B752,UAL1871,UA1871,EWR,LAX,LAX,,2020-03-19,UNITED AIRLINES,N41140,Thursday,"flightradar24.com/data/flights/647        B6623
805        AA341
1172      B61323
1271      B61523
1578       AS343
1579       AA306
2299      UA1600
2365       AS425
2396       UA751
2765       AA302
4123       UA275
4128        QF12
4813       AA117
5775      B61623
5987       AS229
6174       B6611
7030      UA1871
11051      UA628
11876      AA300
14084      AA185
18510     B61723
19888     B61823
26979       B623
29739      B6623
47862      AA171
51141     UA2434
52358      B6123
56202     AS1399
56215        AA1
60384      B6323
61222      AS205
62133      AA255
62455     B61323
65544      UA703
74876      AA331
76316      B6523
78799      UA920
82265      AS991
86654        AA3
90838      AS237
91051     UA2023
98515      AA341
103357    UA2394
109473     UA751
109547     AA306
109617     AS343
114428     AS425
115063    UA1600
115838    B61523
117391     AA302
123737     UA275
124976    B61623
126564    UA1871
126594     AS331
128626     AS229
131610     AA117
Name: flight, dtype: object"
11051,607764118,10981804,N587UA,B752,UAL628,UA628,EWR,LAX,LAX,,2020-03-19,UNITED AIRLINES,N587UA,Thursday,"flightradar24.com/data/flights/647        B6623
805        AA341
1172      B61323
1271      B61523
1578       AS343
1579       AA306
2299      UA1600
2365       AS425
2396       UA751
2765       AA302
4123       UA275
4128        QF12
4813       AA117
5775      B61623
5987       AS229
6174       B6611
7030      UA1871
11051      UA628
11876      AA300
14084      AA185
18510     B61723
19888     B61823
26979       B623
29739      B6623
47862      AA171
51141     UA2434
52358      B6123
56202     AS1399
56215        AA1
60384      B6323
61222      AS205
62133      AA255
62455     B61323
65544      UA703
74876      AA331
76316      B6523
78799      UA920
82265      AS991
86654        AA3
90838      AS237
91051     UA2023
98515      AA341
103357    UA2394
109473     UA751
109547     AA306
109617     AS343
114428     AS425
115063    UA1600
115838    B61523
117391     AA302
123737     UA275
124976    B61623
126564    UA1871
126594     AS331
128626     AS229
131610     AA117
Name: flight, dtype: object"
11876,607764979,10502794,N116AN,A321,AAL300,AA300,JFK,LAX,LAX,,2020-03-19,AMERICAN AIRLINES,N116AN,Thursday,"flightradar24.com/data/flights/647        B6623
805        AA341
1172      B61323
1271      B61523
1578       AS343
1579       AA306
2299      UA1600
2365       AS425
2396       UA751
2765       AA302
4123       UA275
4128        QF12
4813       AA117
5775      B61623
5987       AS229
6174       B6611
7030      UA1871
11051      UA628
11876      AA300
14084      AA185
18510     B61723
19888     B61823
26979       B623
29739      B6623
47862      AA171
51141     UA2434
52358      B6123
56202     AS1399
56215        AA1
60384      B6323
61222      AS205
62133      AA255
62455     B61323
65544      UA703
74876      AA331
76316      B6523
78799      UA920
82265      AS991
86654        AA3
90838      AS237
91051     UA2023
98515      AA341
103357    UA2394
109473     UA751
109547     AA306
109617     AS343
114428     AS425
115063    UA1600
115838    B61523
117391     AA302
123737     UA275
124976    B61623
126564    UA1871
126594     AS331
128626     AS229
131610     AA117
Name: flight, dtype: object"
14084,607767588,10489179,N102NN,A321,AAL185,AA185,JFK,LAX,LAX,,2020-03-19,AMERICAN AIRLINES,N102NN,Thursday,"flightradar24.com/data/flights/647        B6623
805        AA341
1172      B61323
1271      B61523
1578       AS343
1579       AA306
2299      UA1600
2365       AS425
2396       UA751
2765       AA302
4123       UA275
4128        QF12
4813       AA117
5775      B61623
5987       AS229
6174       B6611
7030      UA1871
11051      UA628
11876      AA300
14084      AA185
18510     B61723
19888     B61823
26979       B623
29739      B6623
47862      AA171
51141     UA2434
52358      B6123
56202     AS1399
56215        AA1
60384      B6323
61222      AS205
62133      AA255
62455     B61323
65544      UA703
74876      AA331
76316      B6523
78799      UA920
82265      AS991
86654        AA3
90838      AS237
91051     UA2023
98515      AA341
103357    UA2394
109473     UA751
109547     AA306
109617     AS343
114428     AS425
115063    UA1600
115838    B61523
117391     AA302
123737     UA275
124976    B61623
126564    UA1871
126594     AS331
128626     AS229
131610     AA117
Name: flight, dtype: object"
18510,607772602,11335942,N935JB,A321,JBU1723,B61723,JFK,LAX,LAX,,2020-03-19,JET BLUE AIRWAYS,N935JB,Thursday,"flightradar24.com/data/flights/647        B6623
805        AA341
1172      B61323
1271      B61523
1578       AS343
1579       AA306
2299      UA1600
2365       AS425
2396       UA751
2765       AA302
4123       UA275
4128        QF12
4813       AA117
5775      B61623
5987       AS229
6174       B6611
7030      UA1871
11051      UA628
11876      AA300
14084      AA185
18510     B61723
19888     B61823
26979       B623
29739      B6623
47862      AA171
51141     UA2434
52358      B6123
56202     AS1399
56215        AA1
60384      B6323
61222      AS205
62133      AA255
62455     B61323
65544      UA703
74876      AA331
76316      B6523
78799      UA920
82265      AS991
86654        AA3
90838      AS237
91051     UA2023
98515      AA341
103357    UA2394
109473     UA751
109547     AA306
109617     AS343
114428     AS425
115063    UA1600
115838    B61523
117391     AA302
123737     UA275
124976    B61623
126564    UA1871
126594     AS331
128626     AS229
131610     AA117
Name: flight, dtype: object"
19888,607774152,11381758,N980JT,A321,JBU1823,B61823,JFK,LAX,LAX,,2020-03-19,JETBLUE AIRWAYS,N980JT,Thursday,"flightradar24.com/data/flights/647        B6623
805        AA341
1172      B61323
1271      B61523
1578       AS343
1579       AA306
2299      UA1600
2365       AS425
2396       UA751
2765       AA302
4123       UA275
4128        QF12
4813       AA117
5775      B61623
5987       AS229
6174       B6611
7030      UA1871
11051      UA628
11876      AA300
14084      AA185
18510     B61723
19888     B61823
26979       B623
29739      B6623
47862      AA171
51141     UA2434
52358      B6123
56202     AS1399
56215        AA1
60384      B6323
61222      AS205
62133      AA255
62455     B61323
65544      UA703
74876      AA331
76316      B6523
78799      UA920
82265      AS991
86654        AA3
90838      AS237
91051     UA2023
98515      AA341
103357    UA2394
109473     UA751
109547     AA306
109617     AS343
114428     AS425
115063    UA1600
115838    B61523
117391     AA302
123737     UA275
124976    B61623
126564    UA1871
126594     AS331
128626     AS229
131610     AA117
Name: flight, dtype: object"
26979,607782348,11384611,N983JT,A321,JBU23,B623,JFK,LAX,LAX,,2020-03-19,JETBLUE AIRWAYS,N983JT,Thursday,"flightradar24.com/data/flights/647        B6623
805        AA341
1172      B61323
1271      B61523
1578       AS343
1579       AA306
2299      UA1600
2365       AS425
2396       UA751
2765       AA302
4123       UA275
4128        QF12
4813       AA117
5775      B61623
5987       AS229
6174       B6611
7030      UA1871
11051      UA628
11876      AA300
14084      AA185
18510     B61723
19888     B61823
26979       B623
29739      B6623
47862      AA171
51141     UA2434
52358      B6123
56202     AS1399
56215        AA1
60384      B6323
61222      AS205
62133      AA255
62455     B61323
65544      UA703
74876      AA331
76316      B6523
78799      UA920
82265      AS991
86654        AA3
90838      AS237
91051     UA2023
98515      AA341
103357    UA2394
109473     UA751
109547     AA306
109617     AS343
114428     AS425
115063    UA1600
115838    B61523
117391     AA302
123737     UA275
124976    B61623
126564    UA1871
126594     AS331
128626     AS229
131610     AA117
Name: flight, dtype: object"
29739,607785495,11344167,N943JT,A321,JBU623,B6623,JFK,LAX,LAX,,2020-03-19,JETBLUE AIRWAYS,N943JT,Thursday,"flightradar24.com/data/flights/647        B6623
805        AA341
1172      B61323
1271      B61523
1578       AS343
1579       AA306
2299      UA1600
2365       AS425
2396       UA751
2765       AA302
4123       UA275
4128        QF12
4813       AA117
5775      B61623
5987       AS229
6174       B6611
7030      UA1871
11051      UA628
11876      AA300
14084      AA185
18510     B61723
19888     B61823
26979       B623
29739      B6623
47862      AA171
51141     UA2434
52358      B6123
56202     AS1399
56215        AA1
60384      B6323
61222      AS205
62133      AA255
62455     B61323
65544      UA703
74876      AA331
76316      B6523
78799      UA920
82265      AS991
86654        AA3
90838      AS237
91051     UA2023
98515      AA341
103357    UA2394
109473     UA751
109547     AA306
109617     AS343
114428     AS425
115063    UA1600
115838    B61523
117391     AA302
123737     UA275
124976    B61623
126564    UA1871
126594     AS331
128626     AS229
131610     AA117
Name: flight, dtype: object"
47862,607806192,10502143,N115NN,A321,AAL171,AA171,JFK,LAX,LAX,,2020-03-19,AMERICAN AIRLINES,N115NN,Thursday,"flightradar24.com/data/flights/647        B6623
805        AA341
1172      B61323
1271      B61523
1578       AS343
1579       AA306
2299      UA1600
2365       AS425
2396       UA751
2765       AA302
4123       UA275
4128        QF12
4813       AA117
5775      B61623
5987       AS229
6174       B6611
7030      UA1871
11051      UA628
11876      AA300
14084      AA185
18510     B61723
19888     B61823
26979       B623
29739      B6623
47862      AA171
51141     UA2434
52358      B6123
56202     AS1399
56215        AA1
60384      B6323
61222      AS205
62133      AA255
62455     B61323
65544      UA703
74876      AA331
76316      B6523
78799      UA920
82265      AS991
86654        AA3
90838      AS237
91051     UA2023
98515      AA341
103357    UA2394
109473     UA751
109547     AA306
109617     AS343
114428     AS425
115063    UA1600
115838    B61523
117391     AA302
123737     UA275
124976    B61623
126564    UA1871
126594     AS331
128626     AS229
131610     AA117
Name: flight, dtype: object"
51141,607809876,10985258,N590UA,B752,UAL2434,UA2434,EWR,LAX,LAX,,2020-03-19,UNITED AIRLINES,N590UA,Thursday,"flightradar24.com/data/flights/647        B6623
805        AA341
1172      B61323
1271      B61523
1578       AS343
1579       AA306
2299      UA1600
2365       AS425
2396       UA751
2765       AA302
4123       UA275
4128        QF12
4813       AA117
5775      B61623
5987       AS229
6174       B6611
7030      UA1871
11051      UA628
11876      AA300
14084      AA185
18510     B61723
19888     B61823
26979       B623
29739      B6623
47862      AA171
51141     UA2434
52358      B6123
56202     AS1399
56215        AA1
60384      B6323
61222      AS205
62133      AA255
62455     B61323
65544      UA703
74876      AA331
76316      B6523
78799      UA920
82265      AS991
86654        AA3
90838      AS237
91051     UA2023
98515      AA341
103357    UA2394
109473     UA751
109547     AA306
109617     AS343
114428     AS425
115063    UA1600
115838    B61523
117391     AA302
123737     UA275
124976    B61623
126564    UA1871
126594     AS331
128626     AS229
131610     AA117
Name: flight, dtype: object"
52358,607811312,11392820,N991JT,A321,JBU123,B6123,JFK,LAX,LAX,,2020-03-19,JETBLUE AIRWAYS,N991JT,Thursday,"flightradar24.com/data/flights/647        B6623
805        AA341
1172      B61323
1271      B61523
1578       AS343
1579       AA306
2299      UA1600
2365       AS425
2396       UA751
2765       AA302
4123       UA275
4128        QF12
4813       AA117
5775      B61623
5987       AS229
6174       B6611
7030      UA1871
11051      UA628
11876      AA300
14084      AA185
18510     B61723
19888     B61823
26979       B623
29739      B6623
47862      AA171
51141     UA2434
52358      B6123
56202     AS1399
56215        AA1
60384      B6323
61222      AS205
62133      AA255
62455     B61323
65544      UA703
74876      AA331
76316      B6523
78799      UA920
82265      AS991
86654        AA3
90838      AS237
91051     UA2023
98515      AA341
103357    UA2394
109473     UA751
109547     AA306
109617     AS343
114428     AS425
115063    UA1600
115838    B61523
117391     AA302
123737     UA275
124976    B61623
126564    UA1871
126594     AS331
128626     AS229
131610     AA117
Name: flight, dtype: object"
56202,607815745,10682537,N293AK,B739,ASA1399,AS1399,JFK,LAX,LAX,,2020-03-19,ALASKA AIRLINES,N293AK,Thursday,"flightradar24.com/data/flights/647        B6623
805        AA341
1172      B61323
1271      B61523
1578       AS343
1579       AA306
2299      UA1600
2365       AS425
2396       UA751
2765       AA302
4123       UA275
4128        QF12
4813       AA117
5775      B61623
5987       AS229
6174       B6611
7030      UA1871
11051      UA628
11876      AA300
14084      AA185
18510     B61723
19888     B61823
26979       B623
29739      B6623
47862      AA171
51141     UA2434
52358      B6123
56202     AS1399
56215        AA1
60384      B6323
61222      AS205
62133      AA255
62455     B61323
65544      UA703
74876      AA331
76316      B6523
78799      UA920
82265      AS991
86654        AA3
90838      AS237
91051     UA2023
98515      AA341
103357    UA2394
109473     UA751
109547     AA306
109617     AS343
114428     AS425
115063    UA1600
115838    B61523
117391     AA302
123737     UA275
124976    B61623
126564    UA1871
126594     AS331
128626     AS229
131610     AA117
Name: flight, dtype: object"
56215,607815810,10495836,N109NN,A321,AAL1,AA1,JFK,LAX,LAX,,2020-03-19,AMERICAN AIRLINES,N109NN,Thursday,"flightradar24.com/data/flights/647        B6623
805        AA341
1172      B61323
1271      B61523
1578       AS343
1579       AA306
2299      UA1600
2365       AS425
2396       UA751
2765       AA302
4123       UA275
4128        QF12
4813       AA117
5775      B61623
5987       AS229
6174       B6611
7030      UA1871
11051      UA628
11876      AA300
14084      AA185
18510     B61723
19888     B61823
26979       B623
29739      B6623
47862      AA171
51141     UA2434
52358      B6123
56202     AS1399
56215        AA1
60384      B6323
61222      AS205
62133      AA255
62455     B61323
65544      UA703
74876      AA331
76316      B6523
78799      UA920
82265      AS991
86654        AA3
90838      AS237
91051     UA2023
98515      AA341
103357    UA2394
109473     UA751
109547     AA306
109617     AS343
114428     AS425
115063    UA1600
115838    B61523
117391     AA302
123737     UA275
124976    B61623
126564    UA1871
126594     AS331
128626     AS229
131610     AA117
Name: flight, dtype: object"
60384,607820663,11362487,N961JT,A321,JBU323,B6323,JFK,LAX,LAX,,2020-03-19,JETBLUE AIRWAYS,N961JT,Thursday,"flightradar24.com/data/flights/647        B6623
805        AA341
1172      B61323
1271      B61523
1578       AS343
1579       AA306
2299      UA1600
2365       AS425
2396       UA751
2765       AA302
4123       UA275
4128        QF12
4813       AA117
5775      B61623
5987       AS229
6174       B6611
7030      UA1871
11051      UA628
11876      AA300
14084      AA185
18510     B61723
19888     B61823
26979       B623
29739      B6623
47862      AA171
51141     UA2434
52358      B6123
56202     AS1399
56215        AA1
60384      B6323
61222      AS205
62133      AA255
62455     B61323
65544      UA703
74876      AA331
76316      B6523
78799      UA920
82265      AS991
86654        AA3
90838      AS237
91051     UA2023
98515      AA341
103357    UA2394
109473     UA751
109547     AA306
109617     AS343
114428     AS425
115063    UA1600
115838    B61523
117391     AA302
123737     UA275
124976    B61623
126564    UA1871
126594     AS331
128626     AS229
131610     AA117
Name: flight, dtype: object"
61222,607821578,10849326,N457AS,B739,ASA205,AS205,EWR,LAX,LAX,,2020-03-19,ALASKA AIRLINES,N457AS,Thursday,"flightradar24.com/data/flights/647        B6623
805        AA341
1172      B61323
1271      B61523
1578       AS343
1579       AA306
2299      UA1600
2365       AS425
2396       UA751
2765       AA302
4123       UA275
4128        QF12
4813       AA117
5775      B61623
5987       AS229
6174       B6611
7030      UA1871
11051      UA628
11876      AA300
14084      AA185
18510     B61723
19888     B61823
26979       B623
29739      B6623
47862      AA171
51141     UA2434
52358      B6123
56202     AS1399
56215        AA1
60384      B6323
61222      AS205
62133      AA255
62455     B61323
65544      UA703
74876      AA331
76316      B6523
78799      UA920
82265      AS991
86654        AA3
90838      AS237
91051     UA2023
98515      AA341
103357    UA2394
109473     UA751
109547     AA306
109617     AS343
114428     AS425
115063    UA1600
115838    B61523
117391     AA302
123737     UA275
124976    B61623
126564    UA1871
126594     AS331
128626     AS229
131610     AA117
Name: flight, dtype: object"
62133,607822697,10492983,N106NN,A321,AAL255,AA255,JFK,LAX,LAX,,2020-03-19,AMERICAN AIRLINES,N106NN,Thursday,"flightradar24.com/data/flights/647        B6623
805        AA341
1172      B61323
1271      B61523
1578       AS343
1579       AA306
2299      UA1600
2365       AS425
2396       UA751
2765       AA302
4123       UA275
4128        QF12
4813       AA117
5775      B61623
5987       AS229
6174       B6611
7030      UA1871
11051      UA628
11876      AA300
14084      AA185
18510     B61723
19888     B61823
26979       B623
29739      B6623
47862      AA171
51141     UA2434
52358      B6123
56202     AS1399
56215        AA1
60384      B6323
61222      AS205
62133      AA255
62455     B61323
65544      UA703
74876      AA331
76316      B6523
78799      UA920
82265      AS991
86654        AA3
90838      AS237
91051     UA2023
98515      AA341
103357    UA2394
109473     UA751
109547     AA306
109617     AS343
114428     AS425
115063    UA1600
115838    B61523
117391     AA302
123737     UA275
124976    B61623
126564    UA1871
126594     AS331
128626     AS229
131610     AA117
Name: flight, dtype: object"
62455,607823060,11370095,N969JT,A321,JBU1323,B61323,JFK,LAX,LAX,,2020-03-19,JETBLUE AIRWAYS,N969JT,Thursday,"flightradar24.com/data/flights/647        B6623
805        AA341
1172      B61323
1271      B61523
1578       AS343
1579       AA306
2299      UA1600
2365       AS425
2396       UA751
2765       AA302
4123       UA275
4128        QF12
4813       AA117
5775      B61623
5987       AS229
6174       B6611
7030      UA1871
11051      UA628
11876      AA300
14084      AA185
18510     B61723
19888     B61823
26979       B623
29739      B6623
47862      AA171
51141     UA2434
52358      B6123
56202     AS1399
56215        AA1
60384      B6323
61222      AS205
62133      AA255
62455     B61323
65544      UA703
74876      AA331
76316      B6523
78799      UA920
82265      AS991
86654        AA3
90838      AS237
91051     UA2023
98515      AA341
103357    UA2394
109473     UA751
109547     AA306
109617     AS343
114428     AS425
115063    UA1600
115838    B61523
117391     AA302
123737     UA275
124976    B61623
126564    UA1871
126594     AS331
128626     AS229
131610     AA117
Name: flight, dtype: object"
65544,607826574,10528034,N14001,B78X,UAL703,UA703,EWR,LAX,LAX,,2020-03-19,UNITED AIRLINES,N14001,Thursday,"flightradar24.com/data/flights/647        B6623
805        AA341
1172      B61323
1271      B61523
1578       AS343
1579       AA306
2299      UA1600
2365       AS425
2396       UA751
2765       AA302
4123       UA275
4128        QF12
4813       AA117
5775      B61623
5987       AS229
6174       B6611
7030      UA1871
11051      UA628
11876      AA300
14084      AA185
18510     B61723
19888     B61823
26979       B623
29739      B6623
47862      AA171
51141     UA2434
52358      B6123
56202     AS1399
56215        AA1
60384      B6323
61222      AS205
62133      AA255
62455     B61323
65544      UA703
74876      AA331
76316      B6523
78799      UA920
82265      AS991
86654        AA3
90838      AS237
91051     UA2023
98515      AA341
103357    UA2394
109473     UA751
109547     AA306
109617     AS343
114428     AS425
115063    UA1600
115838    B61523
117391     AA302
123737     UA275
124976    B61623
126564    UA1871
126594     AS331
128626     AS229
131610     AA117
Name: flight, dtype: object"
74876,607837147,10491081,N104NN,A321,AAL331,AA331,JFK,LAX,LAX,,2020-03-19,AMERICAN AIRLINES,N104NN,Thursday,"flightradar24.com/data/flights/647        B6623
805        AA341
1172      B61323
1271      B61523
1578       AS343
1579       AA306
2299      UA1600
2365       AS425
2396       UA751
2765       AA302
4123       UA275
4128        QF12
4813       AA117
5775      B61623
5987       AS229
6174       B6611
7030      UA1871
11051      UA628
11876      AA300
14084      AA185
18510     B61723
19888     B61823
26979       B623
29739      B6623
47862      AA171
51141     UA2434
52358      B6123
56202     AS1399
56215        AA1
60384      B6323
61222      AS205
62133      AA255
62455     B61323
65544      UA703
74876      AA331
76316      B6523
78799      UA920
82265      AS991
86654        AA3
90838      AS237
91051     UA2023
98515      AA341
103357    UA2394
109473     UA751
109547     AA306
109617     AS343
114428     AS425
115063    UA1600
115838    B61523
117391     AA302
123737     UA275
124976    B61623
126564    UA1871
126594     AS331
128626     AS229
131610     AA117
Name: flight, dtype: object"
76316,607838931,11334991,N934JB,A321,JBU523,B6523,JFK,LAX,LAX,,2020-03-19,JETBLUE AIRWAYS,N934JB,Thursday,"flightradar24.com/data/flights/647        B6623
805        AA341
1172      B61323
1271      B61523
1578       AS343
1579       AA306
2299      UA1600
2365       AS425
2396       UA751
2765       AA302
4123       UA275
4128        QF12
4813       AA117
5775      B61623
5987       AS229
6174       B6611
7030      UA1871
11051      UA628
11876      AA300
14084      AA185
18510     B61723
19888     B61823
26979       B623
29739      B6623
47862      AA171
51141     UA2434
52358      B6123
56202     AS1399
56215        AA1
60384      B6323
61222      AS205
62133      AA255
62455     B61323
65544      UA703
74876      AA331
76316      B6523
78799      UA920
82265      AS991
86654        AA3
90838      AS237
91051     UA2023
98515      AA341
103357    UA2394
109473     UA751
109547     AA306
109617     AS343
114428     AS425
115063    UA1600
115838    B61523
117391     AA302
123737     UA275
124976    B61623
126564    UA1871
126594     AS331
128626     AS229
131610     AA117
Name: flight, dtype: object"
78799,607841702,10579581,N19117,B752,UAL920,UA920,EWR,LAX,LAX,,2020-03-19,UNITED AIRLINES,N19117,Thursday,"flightradar24.com/data/flights/647        B6623
805        AA341
1172      B61323
1271      B61523
1578       AS343
1579       AA306
2299      UA1600
2365       AS425
2396       UA751
2765       AA302
4123       UA275
4128        QF12
4813       AA117
5775      B61623
5987       AS229
6174       B6611
7030      UA1871
11051      UA628
11876      AA300
14084      AA185
18510     B61723
19888     B61823
26979       B623
29739      B6623
47862      AA171
51141     UA2434
52358      B6123
56202     AS1399
56215        AA1
60384      B6323
61222      AS205
62133      AA255
62455     B61323
65544      UA703
74876      AA331
76316      B6523
78799      UA920
82265      AS991
86654        AA3
90838      AS237
91051     UA2023
98515      AA341
103357    UA2394
109473     UA751
109547     AA306
109617     AS343
114428     AS425
115063    UA1600
115838    B61523
117391     AA302
123737     UA275
124976    B61623
126564    UA1871
126594     AS331
128626     AS229
131610     AA117
Name: flight, dtype: object"
82265,607845675,10956393,N562AS,B738,ASA991,AS991,JFK,LAX,LAX,,2020-03-19,ALASKA AIRLINES,N562AS,Thursday,"flightradar24.com/data/flights/647        B6623
805        AA341
1172      B61323
1271      B61523
1578       AS343
1579       AA306
2299      UA1600
2365       AS425
2396       UA751
2765       AA302
4123       UA275
4128        QF12
4813       AA117
5775      B61623
5987       AS229
6174       B6611
7030      UA1871
11051      UA628
11876      AA300
14084      AA185
18510     B61723
19888     B61823
26979       B623
29739      B6623
47862      AA171
51141     UA2434
52358      B6123
56202     AS1399
56215        AA1
60384      B6323
61222      AS205
62133      AA255
62455     B61323
65544      UA703
74876      AA331
76316      B6523
78799      UA920
82265      AS991
86654        AA3
90838      AS237
91051     UA2023
98515      AA341
103357    UA2394
109473     UA751
109547     AA306
109617     AS343
114428     AS425
115063    UA1600
115838    B61523
117391     AA302
123737     UA275
124976    B61623
126564    UA1871
126594     AS331
128626     AS229
131610     AA117
Name: flight, dtype: object"
86654,607850645,10497088,N110AN,A321,AAL3,AA3,JFK,LAX,LAX,,2020-03-19,AMERICAN AIRLINES,N110AN,Thursday,"flightradar24.com/data/flights/647        B6623
805        AA341
1172      B61323
1271      B61523
1578       AS343
1579       AA306
2299      UA1600
2365       AS425
2396       UA751
2765       AA302
4123       UA275
4128        QF12
4813       AA117
5775      B61623
5987       AS229
6174       B6611
7030      UA1871
11051      UA628
11876      AA300
14084      AA185
18510     B61723
19888     B61823
26979       B623
29739      B6623
47862      AA171
51141     UA2434
52358      B6123
56202     AS1399
56215        AA1
60384      B6323
61222      AS205
62133      AA255
62455     B61323
65544      UA703
74876      AA331
76316      B6523
78799      UA920
82265      AS991
86654        AA3
90838      AS237
91051     UA2023
98515      AA341
103357    UA2394
109473     UA751
109547     AA306
109617     AS343
114428     AS425
115063    UA1600
115838    B61523
117391     AA302
123737     UA275
124976    B61623
126564    UA1871
126594     AS331
128626     AS229
131610     AA117
Name: flight, dtype: object"
90838,607855385,10950086,N556AS,B738,ASA237,AS237,JFK,LAX,LAX,,2020-03-19,ALASKA AIRLINES,N556AS,Thursday,"flightradar24.com/data/flights/647        B6623
805        AA341
1172      B61323
1271      B61523
1578       AS343
1579       AA306
2299      UA1600
2365       AS425
2396       UA751
2765       AA302
4123       UA275
4128        QF12
4813       AA117
5775      B61623
5987       AS229
6174       B6611
7030      UA1871
11051      UA628
11876      AA300
14084      AA185
18510     B61723
19888     B61823
26979       B623
29739      B6623
47862      AA171
51141     UA2434
52358      B6123
56202     AS1399
56215        AA1
60384      B6323
61222      AS205
62133      AA255
62455     B61323
65544      UA703
74876      AA331
76316      B6523
78799      UA920
82265      AS991
86654        AA3
90838      AS237
91051     UA2023
98515      AA341
103357    UA2394
109473     UA751
109547     AA306
109617     AS343
114428     AS425
115063    UA1600
115838    B61523
117391     AA302
123737     UA275
124976    B61623
126564    UA1871
126594     AS331
128626     AS229
131610     AA117
Name: flight, dtype: object"
91051,607855626,10732512,N34131,B752,UAL2023,UA2023,EWR,LAX,LAX,,2020-03-19,UNITED AIRLINES,N34131,Thursday,"flightradar24.com/data/flights/647        B6623
805        AA341
1172      B61323
1271      B61523
1578       AS343
1579       AA306
2299      UA1600
2365       AS425
2396       UA751
2765       AA302
4123       UA275
4128        QF12
4813       AA117
5775      B61623
5987       AS229
6174       B6611
7030      UA1871
11051      UA628
11876      AA300
14084      AA185
18510     B61723
19888     B61823
26979       B623
29739      B6623
47862      AA171
51141     UA2434
52358      B6123
56202     AS1399
56215        AA1
60384      B6323
61222      AS205
62133      AA255
62455     B61323
65544      UA703
74876      AA331
76316      B6523
78799      UA920
82265      AS991
86654        AA3
90838      AS237
91051     UA2023
98515      AA341
103357    UA2394
109473     UA751
109547     AA306
109617     AS343
114428     AS425
115063    UA1600
115838    B61523
117391     AA302
123737     UA275
124976    B61623
126564    UA1871
126594     AS331
128626     AS229
131610     AA117
Name: flight, dtype: object"
98515,607864086,10493934,N107NN,A321,AAL341,AA341,JFK,LAX,LAX,,2020-03-19,AMERICAN AIRLINES,N107NN,Thursday,"flightradar24.com/data/flights/647        B6623
805        AA341
1172      B61323
1271      B61523
1578       AS343
1579       AA306
2299      UA1600
2365       AS425
2396       UA751
2765       AA302
4123       UA275
4128        QF12
4813       AA117
5775      B61623
5987       AS229
6174       B6611
7030      UA1871
11051      UA628
11876      AA300
14084      AA185
18510     B61723
19888     B61823
26979       B623
29739      B6623
47862      AA171
51141     UA2434
52358      B6123
56202     AS1399
56215        AA1
60384      B6323
61222      AS205
62133      AA255
62455     B61323
65544      UA703
74876      AA331
76316      B6523
78799      UA920
82265      AS991
86654        AA3
90838      AS237
91051     UA2023
98515      AA341
103357    UA2394
109473     UA751
109547     AA306
109617     AS343
114428     AS425
115063    UA1600
115838    B61523
117391     AA302
123737     UA275
124976    B61623
126564    UA1871
126594     AS331
128626     AS229
131610     AA117
Name: flight, dtype: object"
103357,607869527,10508803,N12116,B752,UAL2394,UA2394,EWR,LAX,LAX,,2020-03-19,UNITED AIRLINES,N12116,Thursday,"flightradar24.com/data/flights/647        B6623
805        AA341
1172      B61323
1271      B61523
1578       AS343
1579       AA306
2299      UA1600
2365       AS425
2396       UA751
2765       AA302
4123       UA275
4128        QF12
4813       AA117
5775      B61623
5987       AS229
6174       B6611
7030      UA1871
11051      UA628
11876      AA300
14084      AA185
18510     B61723
19888     B61823
26979       B623
29739      B6623
47862      AA171
51141     UA2434
52358      B6123
56202     AS1399
56215        AA1
60384      B6323
61222      AS205
62133      AA255
62455     B61323
65544      UA703
74876      AA331
76316      B6523
78799      UA920
82265      AS991
86654        AA3
90838      AS237
91051     UA2023
98515      AA341
103357    UA2394
109473     UA751
109547     AA306
109617     AS343
114428     AS425
115063    UA1600
115838    B61523
117391     AA302
123737     UA275
124976    B61623
126564    UA1871
126594     AS331
128626     AS229
131610     AA117
Name: flight, dtype: object"
109547,607876493,10488228,N101NN,A321,AAL306,AA306,JFK,LAX,LAX,,2020-03-19,AMERICAN AIRLINES,N101NN,Thursday,"flightradar24.com/data/flights/647        B6623
805        AA341
1172      B61323
1271      B61523
1578       AS343
1579       AA306
2299      UA1600
2365       AS425
2396       UA751
2765       AA302
4123       UA275
4128        QF12
4813       AA117
5775      B61623
5987       AS229
6174       B6611
7030      UA1871
11051      UA628
11876      AA300
14084      AA185
18510     B61723
19888     B61823
26979       B623
29739      B6623
47862      AA171
51141     UA2434
52358      B6123
56202     AS1399
56215        AA1
60384      B6323
61222      AS205
62133      AA255
62455     B61323
65544      UA703
74876      AA331
76316      B6523
78799      UA920
82265      AS991
86654        AA3
90838      AS237
91051     UA2023
98515      AA341
103357    UA2394
109473     UA751
109547     AA306
109617     AS343
114428     AS425
115063    UA1600
115838    B61523
117391     AA302
123737     UA275
124976    B61623
126564    UA1871
126594     AS331
128626     AS229
131610     AA117
Name: flight, dtype: object"
109473,607876548,10548263,N16008,B78X,UAL751,UA751,EWR,LAX,LAX,,2020-03-19,UNITED AIRLINES,N16008,Thursday,"flightradar24.com/data/flights/647        B6623
805        AA341
1172      B61323
1271      B61523
1578       AS343
1579       AA306
2299      UA1600
2365       AS425
2396       UA751
2765       AA302
4123       UA275
4128        QF12
4813       AA117
5775      B61623
5987       AS229
6174       B6611
7030      UA1871
11051      UA628
11876      AA300
14084      AA185
18510     B61723
19888     B61823
26979       B623
29739      B6623
47862      AA171
51141     UA2434
52358      B6123
56202     AS1399
56215        AA1
60384      B6323
61222      AS205
62133      AA255
62455     B61323
65544      UA703
74876      AA331
76316      B6523
78799      UA920
82265      AS991
86654        AA3
90838      AS237
91051     UA2023
98515      AA341
103357    UA2394
109473     UA751
109547     AA306
109617     AS343
114428     AS425
115063    UA1600
115838    B61523
117391     AA302
123737     UA275
124976    B61623
126564    UA1871
126594     AS331
128626     AS229
131610     AA117
Name: flight, dtype: object"
109617,607876617,10671475,N282AK,B739,ASA343,AS343,EWR,LAX,LAX,,2020-03-19,ALASKA AIRLINES,N282AK,Thursday,"flightradar24.com/data/flights/647        B6623
805        AA341
1172      B61323
1271      B61523
1578       AS343
1579       AA306
2299      UA1600
2365       AS425
2396       UA751
2765       AA302
4123       UA275
4128        QF12
4813       AA117
5775      B61623
5987       AS229
6174       B6611
7030      UA1871
11051      UA628
11876      AA300
14084      AA185
18510     B61723
19888     B61823
26979       B623
29739      B6623
47862      AA171
51141     UA2434
52358      B6123
56202     AS1399
56215        AA1
60384      B6323
61222      AS205
62133      AA255
62455     B61323
65544      UA703
74876      AA331
76316      B6523
78799      UA920
82265      AS991
86654        AA3
90838      AS237
91051     UA2023
98515      AA341
103357    UA2394
109473     UA751
109547     AA306
109617     AS343
114428     AS425
115063    UA1600
115838    B61523
117391     AA302
123737     UA275
124976    B61623
126564    UA1871
126594     AS331
128626     AS229
131610     AA117
Name: flight, dtype: object"
114428,607882167,10685390,N296AK,B739,ASA425,AS425,JFK,LAX,LAX,,2020-03-19,ALASKA AIRLINES,N296AK,Thursday,"flightradar24.com/data/flights/647        B6623
805        AA341
1172      B61323
1271      B61523
1578       AS343
1579       AA306
2299      UA1600
2365       AS425
2396       UA751
2765       AA302
4123       UA275
4128        QF12
4813       AA117
5775      B61623
5987       AS229
6174       B6611
7030      UA1871
11051      UA628
11876      AA300
14084      AA185
18510     B61723
19888     B61823
26979       B623
29739      B6623
47862      AA171
51141     UA2434
52358      B6123
56202     AS1399
56215        AA1
60384      B6323
61222      AS205
62133      AA255
62455     B61323
65544      UA703
74876      AA331
76316      B6523
78799      UA920
82265      AS991
86654        AA3
90838      AS237
91051     UA2023
98515      AA341
103357    UA2394
109473     UA751
109547     AA306
109617     AS343
114428     AS425
115063    UA1600
115838    B61523
117391     AA302
123737     UA275
124976    B61623
126564    UA1871
126594     AS331
128626     AS229
131610     AA117
Name: flight, dtype: object"
115063,607882895,10990964,N596UA,B752,UAL1600,UA1600,EWR,LAX,LAX,,2020-03-19,UNITED AIRLINES,N596UA,Thursday,"flightradar24.com/data/flights/647        B6623
805        AA341
1172      B61323
1271      B61523
1578       AS343
1579       AA306
2299      UA1600
2365       AS425
2396       UA751
2765       AA302
4123       UA275
4128        QF12
4813       AA117
5775      B61623
5987       AS229
6174       B6611
7030      UA1871
11051      UA628
11876      AA300
14084      AA185
18510     B61723
19888     B61823
26979       B623
29739      B6623
47862      AA171
51141     UA2434
52358      B6123
56202     AS1399
56215        AA1
60384      B6323
61222      AS205
62133      AA255
62455     B61323
65544      UA703
74876      AA331
76316      B6523
78799      UA920
82265      AS991
86654        AA3
90838      AS237
91051     UA2023
98515      AA341
103357    UA2394
109473     UA751
109547     AA306
109617     AS343
114428     AS425
115063    UA1600
115838    B61523
117391     AA302
123737     UA275
124976    B61623
126564    UA1871
126594     AS331
128626     AS229
131610     AA117
Name: flight, dtype: object"
115838,607883730,11390317,N989JT,A321,JBU1523,B61523,JFK,LAX,LAX,,2020-03-19,JETBLUE AIRWAYS,N989JT,Thursday,"flightradar24.com/data/flights/647        B6623
805        AA341
1172      B61323
1271      B61523
1578       AS343
1579       AA306
2299      UA1600
2365       AS425
2396       UA751
2765       AA302
4123       UA275
4128        QF12
4813       AA117
5775      B61623
5987       AS229
6174       B6611
7030      UA1871
11051      UA628
11876      AA300
14084      AA185
18510     B61723
19888     B61823
26979       B623
29739      B6623
47862      AA171
51141     UA2434
52358      B6123
56202     AS1399
56215        AA1
60384      B6323
61222      AS205
62133      AA255
62455     B61323
65544      UA703
74876      AA331
76316      B6523
78799      UA920
82265      AS991
86654        AA3
90838      AS237
91051     UA2023
98515      AA341
103357    UA2394
109473     UA751
109547     AA306
109617     AS343
114428     AS425
115063    UA1600
115838    B61523
117391     AA302
123737     UA275
124976    B61623
126564    UA1871
126594     AS331
128626     AS229
131610     AA117
Name: flight, dtype: object"
117391,607885483,10499941,N113AN,A321,AAL302,AA302,JFK,LAX,LAX,,2020-03-19,AMERICAN AIRLINES,N113AN,Thursday,"flightradar24.com/data/flights/647        B6623
805        AA341
1172      B61323
1271      B61523
1578       AS343
1579       AA306
2299      UA1600
2365       AS425
2396       UA751
2765       AA302
4123       UA275
4128        QF12
4813       AA117
5775      B61623
5987       AS229
6174       B6611
7030      UA1871
11051      UA628
11876      AA300
14084      AA185
18510     B61723
19888     B61823
26979       B623
29739      B6623
47862      AA171
51141     UA2434
52358      B6123
56202     AS1399
56215        AA1
60384      B6323
61222      AS205
62133      AA255
62455     B61323
65544      UA703
74876      AA331
76316      B6523
78799      UA920
82265      AS991
86654        AA3
90838      AS237
91051     UA2023
98515      AA341
103357    UA2394
109473     UA751
109547     AA306
109617     AS343
114428     AS425
115063    UA1600
115838    B61523
117391     AA302
123737     UA275
124976    B61623
126564    UA1871
126594     AS331
128626     AS229
131610     AA117
Name: flight, dtype: object"
123737,607892711,10592930,N204UA,B772,UAL275,UA275,EWR,LAX,LAX,,2020-03-19,UNITED AIRLINES,N204UA,Thursday,"flightradar24.com/data/flights/647        B6623
805        AA341
1172      B61323
1271      B61523
1578       AS343
1579       AA306
2299      UA1600
2365       AS425
2396       UA751
2765       AA302
4123       UA275
4128        QF12
4813       AA117
5775      B61623
5987       AS229
6174       B6611
7030      UA1871
11051      UA628
11876      AA300
14084      AA185
18510     B61723
19888     B61823
26979       B623
29739      B6623
47862      AA171
51141     UA2434
52358      B6123
56202     AS1399
56215        AA1
60384      B6323
61222      AS205
62133      AA255
62455     B61323
65544      UA703
74876      AA331
76316      B6523
78799      UA920
82265      AS991
86654        AA3
90838      AS237
91051     UA2023
98515      AA341
103357    UA2394
109473     UA751
109547     AA306
109617     AS343
114428     AS425
115063    UA1600
115838    B61523
117391     AA302
123737     UA275
124976    B61623
126564    UA1871
126594     AS331
128626     AS229
131610     AA117
Name: flight, dtype: object"
124976,607894166,11365340,N964JT,A321,JBU1623,B61623,JFK,LAX,LAX,,2020-03-19,JETBLUE AIRWAYS,N964JT,Thursday,"flightradar24.com/data/flights/647        B6623
805        AA341
1172      B61323
1271      B61523
1578       AS343
1579       AA306
2299      UA1600
2365       AS425
2396       UA751
2765       AA302
4123       UA275
4128        QF12
4813       AA117
5775      B61623
5987       AS229
6174       B6611
7030      UA1871
11051      UA628
11876      AA300
14084      AA185
18510     B61723
19888     B61823
26979       B623
29739      B6623
47862      AA171
51141     UA2434
52358      B6123
56202     AS1399
56215        AA1
60384      B6323
61222      AS205
62133      AA255
62455     B61323
65544      UA703
74876      AA331
76316      B6523
78799      UA920
82265      AS991
86654        AA3
90838      AS237
91051     UA2023
98515      AA341
103357    UA2394
109473     UA751
109547     AA306
109617     AS343
114428     AS425
115063    UA1600
115838    B61523
117391     AA302
123737     UA275
124976    B61623
126564    UA1871
126594     AS331
128626     AS229
131610     AA117
Name: flight, dtype: object"
126564,607895969,10508771,N12109,B752,UAL1871,UA1871,EWR,LAX,LAX,,2020-03-19,UNITED AIRLINES,N12109,Thursday,"flightradar24.com/data/flights/647        B6623
805        AA341
1172      B61323
1271      B61523
1578       AS343
1579       AA306
2299      UA1600
2365       AS425
2396       UA751
2765       AA302
4123       UA275
4128        QF12
4813       AA117
5775      B61623
5987       AS229
6174       B6611
7030      UA1871
11051      UA628
11876      AA300
14084      AA185
18510     B61723
19888     B61823
26979       B623
29739      B6623
47862      AA171
51141     UA2434
52358      B6123
56202     AS1399
56215        AA1
60384      B6323
61222      AS205
62133      AA255
62455     B61323
65544      UA703
74876      AA331
76316      B6523
78799      UA920
82265      AS991
86654        AA3
90838      AS237
91051     UA2023
98515      AA341
103357    UA2394
109473     UA751
109547     AA306
109617     AS343
114428     AS425
115063    UA1600
115838    B61523
117391     AA302
123737     UA275
124976    B61623
126564    UA1871
126594     AS331
128626     AS229
131610     AA117
Name: flight, dtype: object"
126594,607896048,10649351,N260AK,B739,ASA331,AS331,EWR,LAX,LAX,,2020-03-19,ALASKA AIRLINES,N260AK,Thursday,"flightradar24.com/data/flights/647        B6623
805        AA341
1172      B61323
1271      B61523
1578       AS343
1579       AA306
2299      UA1600
2365       AS425
2396       UA751
2765       AA302
4123       UA275
4128        QF12
4813       AA117
5775      B61623
5987       AS229
6174       B6611
7030      UA1871
11051      UA628
11876      AA300
14084      AA185
18510     B61723
19888     B61823
26979       B623
29739      B6623
47862      AA171
51141     UA2434
52358      B6123
56202     AS1399
56215        AA1
60384      B6323
61222      AS205
62133      AA255
62455     B61323
65544      UA703
74876      AA331
76316      B6523
78799      UA920
82265      AS991
86654        AA3
90838      AS237
91051     UA2023
98515      AA341
103357    UA2394
109473     UA751
109547     AA306
109617     AS343
114428     AS425
115063    UA1600
115838    B61523
117391     AA302
123737     UA275
124976    B61623
126564    UA1871
126594     AS331
128626     AS229
131610     AA117
Name: flight, dtype: object"
128626,607898321,10975664,N581AS,B738,ASA229,AS229,JFK,LAX,LAX,,2020-03-19,ALASKA AIRLINES,N581AS,Thursday,"flightradar24.com/data/flights/647        B6623
805        AA341
1172      B61323
1271      B61523
1578       AS343
1579       AA306
2299      UA1600
2365       AS425
2396       UA751
2765       AA302
4123       UA275
4128        QF12
4813       AA117
5775      B61623
5987       AS229
6174       B6611
7030      UA1871
11051      UA628
11876      AA300
14084      AA185
18510     B61723
19888     B61823
26979       B623
29739      B6623
47862      AA171
51141     UA2434
52358      B6123
56202     AS1399
56215        AA1
60384      B6323
61222      AS205
62133      AA255
62455     B61323
65544      UA703
74876      AA331
76316      B6523
78799      UA920
82265      AS991
86654        AA3
90838      AS237
91051     UA2023
98515      AA341
103357    UA2394
109473     UA751
109547     AA306
109617     AS343
114428     AS425
115063    UA1600
115838    B61523
117391     AA302
123737     UA275
124976    B61623
126564    UA1871
126594     AS331
128626     AS229
131610     AA117
Name: flight, dtype: object"
131610,607901913,10492032,N105NN,A321,AAL117,AA117,JFK,LAX,LAX,,2020-03-19,AMERICAN AIRLINES,N105NN,Thursday,"flightradar24.com/data/flights/647        B6623
805        AA341
1172      B61323
1271      B61523
1578       AS343
1579       AA306
2299      UA1600
2365       AS425
2396       UA751
2765       AA302
4123       UA275
4128        QF12
4813       AA117
5775      B61623
5987       AS229
6174       B6611
7030      UA1871
11051      UA628
11876      AA300
14084      AA185
18510     B61723
19888     B61823
26979       B623
29739      B6623
47862      AA171
51141     UA2434
52358      B6123
56202     AS1399
56215        AA1
60384      B6323
61222      AS205
62133      AA255
62455     B61323
65544      UA703
74876      AA331
76316      B6523
78799      UA920
82265      AS991
86654        AA3
90838      AS237
91051     UA2023
98515      AA341
103357    UA2394
109473     UA751
109547     AA306
109617     AS343
114428     AS425
115063    UA1600
115838    B61523
117391     AA302
123737     UA275
124976    B61623
126564    UA1871
126594     AS331
128626     AS229
131610     AA117
Name: flight, dtype: object"
